"X.a280.tsp.","X.280.","X.24642.6928267414.","X.2579.","X.0.","X.NaN.","X.2579..1","X.0..1","X.NaN..1","X.0.983606557377049.","X.0..2","X.NaN..2","X.42.7.","X.64.5045866137245.","X.0.477461903496008.","X.0.996428571428571.","X.0..3","X.NaN..3","X.0.00357142857142857.","X.0..4","X.NaN..4","X.NaN..5","NA_character_.","NA_character_..1","X.1.01057993730408.","X.0.78525641025641.","X.0.21474358974359.","X.0.982759.","X.0.017241.","X.0.1149425.","X.0.551724.","X.0.931034."
"a280.tsp","280","24642.6928267414","2579","0","NaN","2579","0","NaN","0.983606557377049","0","NaN","42.7","64.5045866137245","0.477461903496008","0.996428571428571","0","NaN","0.00357142857142857","0","NaN","NaN",NA,NA,"1.01057993730408","0.78525641025641","0.21474358974359","0.982759","0.017241","0.1149425","0.551724","0.931034"
"ali535.tsp","202780.75","0.00279115751462677","0.869126335621671","202780.75","0.00279115751462677","0.869126335621671","88.7241467494892","1.12929460421157","0.795461947344093","79.1","29.3432093266078","-0.844630297782663","0.998130841121495","0","NaN","0.00186915887850467","0","NaN","0.296153738274621","12773.2859749651","6.70578830851551","1.02104729689829","1","0","-Inf","Inf",NA,NA,NA,"ali535.tsp","202780.75"
"att48.tsp","10628","0","NaN","10628","0","NaN","203.066666666667","0.504568473875102","-1.38891819413528","3.65","105.277477766922","1.0948602117526","0.979166666666667","0","NaN","0.0208333333333333","0","NaN","-8.41881357971012","-577.896205635047","-1.3431907624121","1.04027798169628","1","0","-Inf","Inf",NA,NA,NA,"att48.tsp","10628"
"att532.tsp","27738.75","0.000661840740967123","0.722884052257883","27738.75","0.000661840740967123","0.722884052257883","4.04742258187842","0.459035663962143","-0.758779105092314","72.65","34.6505987638941","-0.832663356294839","0.99812030075188","0","NaN","0.0018796992481203","0","NaN","-0.116188063541381","-3115.73882405409","3.75114477692552","1.01711353713219","0.491758241758242","0.508241758241758","0.99938","0.000341","0.03381075","0.471998","0.909633","att532.tsp","27738.75"
"bayg29.tsp","29","4625","1610","0","NaN","1610","0","NaN","NaN",NA,"NaN","0.35","191.662969499982","1.51804170472486","0.96551724137931","0","NaN","0.0344827586206897","0","NaN","-2.98214285714286","-641.844199349919","-0.583413466158954","1.03205128205128","1","0","-Inf","Inf",NA,NA,NA
"bays29.tsp","29","5752","2020","0","NaN","2020","0","NaN","NaN",NA,"NaN","0.2","205.195670417031","1.38891819413528","0.96551724137931","0","NaN","0.0344827586206897","0","NaN","-1.72916666666667","-670.806327740447","-0.638278741329059","1.01686383085829","1","0","-Inf","Inf",NA,NA,NA
"berlin52.tsp","52","22205.6176927108","7542","0","NaN","7542","0","NaN","422","0","NaN","0.85","95.615023633794","0.81171245239818","0.980769230769231","0","NaN","0.0192307692307692","0","NaN","0","NaN","NaN","1","1","0","-Inf","Inf",NA,NA,NA
"bier127.tsp","127","393999.54204553","118282","0","NaN","118282","0","NaN","287.848937908497","0.466203570755387","-1.19473168443324","44.95","54.4337496563806","-0.0519532064681284","0.992125984251969","0","NaN","0.0078740157480315","0","NaN","-8.7009986542489","-1744.16253970841","2.7182188830411","1.01564049613388","1","0","-Inf","Inf",NA,NA,NA
"brazil58.tsp","58","129267","25395","0","NaN","25395","0","NaN","62","0","NaN","1.45","112.934671115301","1.07481350342101","0.982758620689655","0","NaN","0.0172413793103448","0","NaN","-39.5784932518938","-1024.81214528948","0.226756588615908","1.10415443813996","1","0","-Inf","Inf",NA,NA,NA
"brg180.tsp","180","118860","1950","0","NaN","1950","0","NaN","2.00854700854701","0.130975959840658","2.46918790068494","16.6","71.8492214632217","0.876573338923607","0.994444444444444","0","NaN","0.00555555555555556","0","NaN","-0.795285359801489","-352.45286665184","-2.21450872181779","1.01036269430052","0.584362139917695","0.415637860082305","0.981132","0.018868","0.103774","0.301887","0.622642"
"burma14.tsp","3323","0","NaN","3323","0","NaN","36","0","NaN","0.2","205.195670417031","1.38891819413528","0.928571428571429","0","NaN","0.0714285714285714","0","NaN","-29.25","-424.264068711928","0","1.03649407361198","1","0","-Inf","Inf",NA,NA,NA,"burma14.tsp","3323"
"ch130.tsp","130","47800.7779633788","6110","0","NaN","6110","0","NaN","1.56521739130435","0","NaN","20.35","106.667511559096","1.75944849305053","0.992307692307692","0","NaN","0.00769230769230769","0","NaN","-0.364261182371083","-1125.27732900945","2.19734632929524","1.02887844190732","1","0","-Inf","Inf",NA,NA,NA
"ch150.tsp","150","52812.1502381257","6539.25","0.00101906562293685","-1.06918972435516","6539.25","0.00101906562293685","-1.06918972435516","0.516679748822606","1.11563163114597","1.06918972435516","33.2","87.0981232677176","0.662839275625651","0.993333333333333","0","NaN","0.00666666666666667","0","NaN","NaN",NA,NA,"1.01405825242718","1","0","-Inf","Inf",NA,NA,NA
"d1291.tsp","1291","150990.395659819","51238.8","0.00216551351030204","0.808231461425485","51238.8","0.00216551351030204","0.808231461425485","15.4482631578947","0.189639850982276","0.80823146142556","86.35","10.8849891080902","0.0192483749675092","0.999225406661503","0","NaN","0.000774593338497289","0","NaN","6.56422058389901","889.593967495848","5.06089990496812","1.0367147622684","1","0","-Inf","Inf",NA,NA,NA
"d15112.tsp","15112","112310829.615797","1595296.6","0.0022420972258881","0.566912820504729","1595296.6","0.0022420972258881","0.566912820504729","77.9819494949495","0.298844012926077","0.431333287791616","98.6","2.0914715676305","-1.70905895682925","0.999933827421916","0","NaN","6.61725780836421e-05","0","NaN","d15112.tsp","15112","112310829.615797","1595296.6","0.0022420972258881","0.566912820504729","1595296.6","0.0022420972258881","0.566912820504729","77.9819494949495","0.298844012926077"
"d1655.tsp","1655","206102.372750873","62858.3","0.00092569521528391","0.186122040987523","62858.3","0.00092569521528391","0.186122040987523","10.8327604726101","0.280076152930045","0.186122040987666","94.3","6.23203121280408","-0.95708498756498","0.999395770392749","0","NaN","0.000604229607250755","0","NaN","0.898305403811318","1540.63680444896","4.6165664957986","1.02399622728981","0.554937413073713","0.445062586926287","0.999941","0.000141","0.004935","0.416235","0.99267975"
"d18512.tsp","18512","89128838.146043","653924.65","0.000434275089831826","0.477346505051411","653924.65","0.000434275089831826","0.477346505051411","28.5500103879102","0.343122260792043","-0.112142555437052","98.95","1.24747452346867","-1.66564823132069","0.999945980985307","0","NaN","5.4019014693172e-05","0","NaN","d18512.tsp","18512","89128838.146043","653924.65","0.000434275089831826","0.477346505051411","653924.65","0.000434275089831826","0.477346505051411","28.5500103879102","0.343122260792043"
"d198.tsp","198","22514.1208428664","15780.85","2.32146904971864e-05","-1.81521618655516","15780.85","2.32146904971864e-05","-1.81521618655516","2.67428571428571","0.428570938964157","-0.332159755732584","49.7","48.5585900753994","0.347185744211856","0.994949494949495","0","NaN","0.00505050505050505","0","NaN","-8.96577942335028","-1222.71706120836","-7.98778915164449","1.2676735218509","0.492700729927007","0.507299270072993","0.992498","0.007502","0.1795875","0.4","0.6819205"
"d2103.tsp","2103","141253.058223607","80801.8","8.14619580720081e-05","-0.808231461426819","80801.8","8.14619580720081e-05","-0.808231461426819","8.15588235294118","0.51034571273159","0.808231461425559","89.55","9.60258242469179","-0.483164812060908","0.999524488825487","0","NaN","0.000475511174512601","0","NaN","5.70834845497806","1077.86048773374","4.40867363062251","1.04011121326161","0.492700729927007","0.507299270072993","0.992498","0.007502","0.1795875","0.4","0.6819205"
"d493.tsp","493","113552.053801011","35126.95","0.000533189029161238","-0.333038798083998","35126.95","0.000533189029161238","-0.333038798083998","4.28300343400439","0.301544424322917","-1.14323493674782","84.4","17.8881248327137","-0.83933889708943","0.997971602434077","0","NaN","0.00202839756592292","0","NaN","0.226147634055001","3781.14679657292","5.02353252228703","1.02147007553748","0.471111111111111","0.528888888888889","0.995968","0.004032","0.248158","0.47619","0.714943"
"d657.tsp","657","232140.238919904","49145.1","0.000651731856457573","-0.806816840498901","49145.1","0.000651731856457573","-0.806816840498901","7.91170987654321","0.270830550275547","0.377092947113742","85.65","17.3764909229403","-0.887685563069344","0.998477929984779","0","NaN","0.0015220700152207","0","NaN","-0.06526536706467","-7217.36174181696","3.5899279001742","1.01833174941405","0.511210762331839","0.488789237668161","0.999948","0.000156","0.06383325","0.467743","0.890141"
"dantzig42.tsp","42","699","699","0","NaN","699","0","NaN","NaN",NA,"NaN","1.6","167.705098312484","1.49443876496236","0.976190476190476","0","NaN","0.0238095238095238","0","NaN","0.592592611111109","914.723293529575","1.76596874646673","1.02118334550767","1","0","-Inf","Inf",NA,NA,NA
"dsj1000.tsp","18799211.35","0.00179050029423369","-0.746111912412571","18799211.35","0.00179050029423369","-0.746111912412571","3003.14048967999","0.376978782830478","-0.488476680241811","90.8","6.17443539070593","-0.103712678898497","0.999","0","NaN","0.001","0","NaN","-7885.70509255828","-752.801930440148","-6.52395455973724","1.04463784558711","0.544018058690745","0.455981941309255","0.999859","0.000141","0.046228","0.301324","0.890733","dsj1000.tsp","18799211.35"
"eil101.tsp","101","2064.48702155908","629","0","NaN","629","0","NaN","8","0","NaN","12.25","165.502926171139","3.05486223064272","0.99009900990099","0","NaN","0.0099009900990099","0","NaN","-0.0401246949118613","-985.276002838429","0.220090769981109","1.00720576461169","1","0","-Inf","Inf",NA,NA,NA
"eil51.tsp","51","1313.46834444435","426","0","NaN","426","0","NaN","0.37","0.550640585383888","-0.808231461425559","10.05","133.554158547403","2.12816801604094","0.980392156862745","0","NaN","0.0196078431372549","0","NaN","-0.0233496000000005","-4873.38487205098","1.60453992589508","1.01670644391408","0.569230769230769","0.430769230769231","0.75","0.25","0.25","0.5","0.75"
"eil76.tsp","76","1974.71389025401","538","0","NaN","538","0","NaN","NaN",NA,"NaN","4.6","112.05340057597","1.3096571130722","0.986842105263158","0","NaN","0.0131578947368421","0","NaN","-0.05","-2133.07290077015","-0.137242028925291","1.00373134328358","1","0","-Inf","Inf",NA,NA,NA
"fl1400.tsp","1400","172582.28847456","20258.85","0.00384591268128317","0.646741347125673","20258.85","0.00384591268128317","0.646741347125673","7.16446235247947","0.812532129780996","1.80827914201947","80.05","17.7476851780989","-0.374088263109987","0.999285714285714","0","NaN","0.000714285714285714","0","NaN","fl1400.tsp","1400","172582.28847456","20258.85","0.00384591268128317","0.646741347125673","20258.85","0.00384591268128317","0.646741347125673","7.16446235247947","0.812532129780996"
"fl1577.tsp","1577","51065.313439708","23340.4","0.0153894008658774","0.375577606316658","23340.4","0.0153894008658774","0.375577606316658","20.6098978610911","0.442011496322374","0.368391594010612","90.6","10.727611379097","-1.0381656401333","0.999365884590996","0","NaN","0.000634115409004439","0","NaN","8.63943010224347","682.831960400231","4.48864329029974","1.16058755570226","1","0","-Inf","Inf",NA,NA,NA
"fl3795.tsp","3795","168840.524192578","29596.75","0.018648334504895","0.554392130680361","29596.75","0.018648334504895","0.554392130680361","11.4496254836003","1.09883830268079","0.908881264378928","86.3","16.3617161354296","-1.32502583581098","0.999736495388669","0","NaN","0.000263504611330698","0","NaN","-0.169619933710299","-3880.33841519393","2.0188561263814","1.07235305025032","1","0","-Inf","Inf",NA,NA,NA
"fl417.tsp","417","55387.1925343753","11885.1","0.00228049353226087","0.74012680016914","11885.1","0.00228049353226087","0.74012680016914","19.2205611811092","0.460965268163875","-1.05630549407315","63.2","40.0998719466498","-0.245988220355583","0.997601918465228","0","NaN","0.00239808153477218","0","NaN","-0.903441849417161","-6818.17665891787","-3.19107780457718","1.14470446320869","0.694331983805668","0.305668016194332","0.988658","0.011364","0.2072235","0.5","0.7315715"
"fnl4461.tsp","4461","5874475.87790466","184155.1","0.000437821606767716","0.975917635554153","184155.1","0.000437821606767716","0.975917635554153","11.8136625438054","0.153657359246908","-0.519428456262065","97.4","2.67314289019612","-0.72476140399931","0.999775835014571","0","NaN","0.000224164985429276","0","NaN","-0.0542693334127778","-6366.72377890192","3.00331205405166","1.01022650509395","0.545813315030885","0.454186684969115","0.999994","0.000127","0.095337","0.473622","0.881594"
"fri26.tsp","26","1140","937","0","NaN","937","0","NaN","8","0","NaN","0.75","155.221027091892","1.41420635605536","0.961538461538462","0","NaN","0.0384615384615385","0","NaN","-0.231570512820513","-1695.92509367266","0.803371262228825","1.02544459644323","1","0","-Inf","Inf",NA,NA,NA
"gil262.tsp","262","26295.6350759722","2378","0","NaN","2378","0","NaN","0.451219512195122","0","NaN","41.9","39.3986927485909","0.20556316131724","0.99618320610687","0","NaN","0.00381679389312977","0","NaN","-0.02464178402212","-2673.97090834108","5.78918968600032","1.02943722943723","0.497237569060773","0.502762430939227","0.991534","0.008466","0.089947","0.433862","0.80291025"
"gr120.tsp","120","50021","6942","0","NaN","6942","0","NaN","1.73548387096774","0.355013721526047","-0.378015652233255","25.45","60.395947214945","0.456685135247453","0.991666666666667","0","NaN","0.00833333333333333","0","NaN","-0.845434527572191","-725.780144331474","-1.04117366400984","1.01721737856253","1","0","-Inf","Inf",NA,NA,NA
"gr137.tsp","69853","0","NaN","69853","0","NaN","48.3803260869565","0.486016068032139","0.186122040987665","10.1","65.8248322320581","0.581245425198552","0.992700729927007","0","NaN","0.0072992700729927","0","NaN","-1.76945630004663","-3417.94941180838","6.30365433180573","1.03456804751255","1","0","-Inf","Inf",NA,NA,NA,"gr137.tsp","69853"
"gr17.tsp","17","4722","2085","0","NaN","2085","0","NaN","NaN",NA,"NaN","0.8","111.803398874989","0.788213962068676","0.941176470588235","0","NaN","0.0588235294117647","0","NaN","-11.44","-434.632051056258","-0.554783761860083","1.06923076923077","1","0","-Inf","Inf",NA,NA,NA
"gr202.tsp","40198.8","0.00131473905620058","0.582392752943523","40198.8","0.00131473905620058","0.582392752943523","7.71236117400962","0.28127182754319","-0.508420959411877","56.1","47.0935657986283","-0.0348595258473327","0.995049504950495","0","NaN","0.00495049504950495","0","NaN","NaN",NA,NA,"1.01254333438386","1","0","-Inf","Inf",NA,NA,NA,"gr202.tsp","40198.8"
"gr21.tsp","21","6620","2707","0","NaN","2707","0","NaN","NaN",NA,"NaN","0","NaN","NaN","0.952380952380952","0","NaN","0.0476190476190476","0","NaN","gr21.tsp","21","6620","2707","0","NaN","2707","0","NaN","NaN",NA
"gr229.tsp","134698.4","0.00125525791266736","1.38891819413538","134698.4","0.00125525791266736","1.38891819413538","54.7295831994","0.412192532398429","-1.22971723083537","51.9","56.8384441815027","0.163559852603273","0.995633187772926","0","NaN","0.00436681222707424","0","NaN","-2.20638254016703","-2397.51668653986","1.73031127093825","1.02606587001159","0.416918429003021","0.583081570996979","0.998855","0.000764","0.125","0.402444","0.792669","gr229.tsp","134698.4"
"gr24.tsp","24","3436","1272","0","NaN","1272","0","NaN","NaN",NA,"NaN","0.05","447.213595499958","3.82367624152464","0.958333333333333","0","NaN","0.0416666666666667","0","NaN","-3.79166666666667","-612.524751883618","-0.186346167955905","1.03667481662592","1","0","-Inf","Inf",NA,NA,NA
"gr431.tsp","171807.7","0.000988669103984191","1.36724569695234","171807.7","0.000988669103984191","1.36724569695234","26.4083311755774","0.198737227542185","1.38890993009798","76.45","23.725682936887","-0.567291127654745","0.997679814385151","0","NaN","0.00232018561484919","0","NaN","0.311415681221325","23876.2252921597","5.2337530878214","1.0191842685442","0.505942275042445","0.494057724957555","0.996209","0.003791","0.086527","0.4","0.8","gr431.tsp","171807.7"
"gr48.tsp","48","19837","5046","0","NaN","5046","0","NaN","7.6875","0.267572066818812","-0.808231461425559","4.8","120.458432324718","0.848746434884711","0.979166666666667","0","NaN","0.0208333333333333","0","NaN","0.559379968740209","2949.92879792119","0.435858667102973","1.03016383402235","1","0","-Inf","Inf",NA,NA,NA
"gr666.tsp","295626.45","0.00112592206146","0.502039973928377","295626.45","0.00112592206146","0.502039973928377","84.2642783650458","0.201351839036034","0.360250341074992","85","13.6400109910548","-1.38943167237463","0.998498498498498","0","NaN","0.0015015015015015","0","NaN","-1.4370219321676","-1362.10282477661","3.89323852006634","1.01309875543776","0.608333333333333","0.391666666666667","0.999508","0.001354","0.140694","0.454545","0.741137","gr666.tsp","295626.45"
"gr96.tsp","55258.8","0.000372984517303691","-0.838641636157496","55258.8","0.000372984517303691","-0.838641636157496","22.3665909090909","2.09165805049335","1.78731309171189","40.05","66.9418235628221","0.860166998957135","0.989583333333333","0","NaN","0.0104166666666667","0","NaN","-0.396420121718246","-11177.331837584","4.36974645889504","1.02046449443192","1","0","-Inf","Inf",NA,NA,NA,"gr96.tsp","55258.8"
"hk48.tsp","48","48170","11461","0","NaN","11461","0","NaN","1.8","0","NaN","1.45","144.099804785721","2.35250456120001","0.979166666666667","0","NaN","0.0208333333333333","0","NaN","-3.68573229671721","-878.276303764411","-0.961709339619503","1.01183014037256","1","0","-Inf","Inf",NA,NA,NA
"kroA100.tsp","100","191393.738110997","21282","0","NaN","21282","0","NaN","23","0","NaN","4.15","88.5444026327731","0.999145014075012","0.99","0","NaN","0.01","0","NaN","-1.53644308181276","-2135.71897905124","2.89897739575932","1.03589768551194","1","0","-Inf","Inf",NA,NA,NA
"kroA150.tsp","150","287850.343984188","26524","0","NaN","26524","0","NaN","16.0645161290323","0","NaN","27.3","93.0105349155054","1.18612818326442","0.993333333333333","0","NaN","0.00666666666666667","0","NaN","-0.740411197152171","-2527.68996824572","2.50456493615018","1.03086893576502","1","0","-Inf","Inf",NA,NA,NA
"kroA200.tsp","200","373943.377185399","29368","0","NaN","29368","0","NaN","28.1240476190476","0.801053572881201","0.186122040987665","24.9","59.1517107952595","0.97596838669021","0.995","0","NaN","0.005","0","NaN","-1.19449732745993","-882.056558241462","-0.389431903316341","1.03330225357564","1","0","-Inf","Inf",NA,NA,NA
"kroB100.tsp","100","157184.683219219","22141","0","NaN","22141","0","NaN","14.3625","0.451455277654803","-0.582392752943681","21.45","84.9521639155419","0.61260814638914","0.99","0","NaN","0.01","0","NaN","NaN",NA,NA,"1.0436729595324","1","0","-Inf","Inf",NA,NA,NA
"kroB150.tsp","150","273236.423541586","26131.9","1.71137037681898e-05","-3.82367624153391","26131.9","1.71137037681898e-05","-3.82367624153391","19.584962406015","0.00309038878954206","3.82367624152471","23.6","91.1848986269832","1.97516781116973","0.993333333333333","0","NaN","0.00666666666666667","0","NaN","3.47819191472581","1524.66256571434","9.57748406770096","1.02607193340663","0.707865168539326","0.292134831460674","0.8","0.2","0.2","0.4","0.8"
"kroB200.tsp","200","327452.365481209","29437","0","NaN","29437","0","NaN","16.7913043478261","0.438592751199279","-0.378015652233255","44.6","55.7646542279846","0.0994792312897568","0.995","0","NaN","0.005","0","NaN","-1.02982965297645","-2000.69641893842","3.80908836110409","1.02001074169684","1","0","-Inf","Inf",NA,NA,NA
"kroC100.tsp","100","183465.311189812","20749","0","NaN","20749","0","NaN","10.5454545454545","0.318407074785048","-1.38891819413528","3.3","76.2186923456286","1.3929061035497","0.99","0","NaN","0.01","0","NaN","-0.992714232559035","-2478.39389494173","2.17042780307903","1.03046857540165","1","0","-Inf","Inf",NA,NA,NA
"kroD100.tsp","100","170990.652093426","21294","0","NaN","21294","0","NaN","12.29","0.306028061016065","0.582392752943681","4.35","144.099804785721","2.34154215687936","0.99","0","NaN","0.01","0","NaN","-2.94990039357169","-690.261601506093","1.77958701863715","1.03759288585699","1","0","-Inf","Inf",NA,NA,NA
"kroE100.tsp","100","188349.782073012","22068","0","NaN","22068","0","NaN","22.6666666666667","0","NaN","11.05","123.194367007526","1.18007904201986","0.99","0","NaN","0.01","0","NaN","-0.912880113197066","-1993.20090378712","2.98575116944065","1.0218322413354","1","0","-Inf","Inf",NA,NA,NA
"lin105.tsp","105","36478.1706826756","14379","0","NaN","14379","0","NaN","33.3333333333333","0","NaN","4.8","89.8239831738516","1.24522349558193","0.990476190476191","0","NaN","0.00952380952380952","0","NaN","-5.27790870134579","-385.186532285484","-0.922339876837695","1.03309783261964","1","0","-Inf","Inf",NA,NA,NA
"lin318.tsp","318","119866.892426231","42212.2","0.00194085654057016","0.378015652233356","42212.2","0.00194085654057016","0.378015652233356","9.31769585253456","0.275954612062442","0.378015652233255","65.2","37.3792199366","-0.113361494973555","0.99685534591195","0","NaN","0.00314465408805031","0","NaN","-0.0909476520946088","-17007.1343337604","7.11286304279687","1.03575530453486","1","0","-Inf","Inf",NA,NA,NA
"nrw1379.tsp","1379","712716.081304477","56935.9","0.000420172553378227","-0.585893876511045","56935.9","0.000420172553378227","-0.585893876511045","5.55562982768865","0.0152784106494574","1.09955019002275","91.75","8.5883971591555","-1.6783829449955","0.999274836838289","0","NaN","0.000725163161711385","0","NaN","-0.122830379074725","-1811.0778754038","2.58919623508553","1.00888677475427","0.66726618705036","0.33273381294964","0.99939","0.00122","0.1147125","0.5","0.813971"
"p654.tsp","654","107781.205285117","34648.25","7.71457160324295e-05","0.311229803345048","34648.25","7.71457160324295e-05","0.311229803345048","13.3250199366429","0.352309887762566","1.23169627963409","67.45","32.6326214055669","-0.259189072494654","0.998470948012232","0","NaN","0.00152905198776758","0","NaN","2.57181200621057","2333.28022030469","5.98535436157953","1.12998238632657","1","0","-Inf","Inf",NA,NA,NA
"pa561.tsp","561","4869","2780.45","0.00123200323491059","0.582392752943832","2780.45","0.00123200323491059","0.582392752943832","0.424025341130604","0.424063677320898","-0.58239275294368","76.65","27.4324692384033","-0.565033792938469","0.998217468805704","0","NaN","0.0017825311942959","0","NaN","0.0307985895604832","1504.70400926535","6.24173444515923","1.01725403817915","0.445707070707071","0.554292929292929","0.999183","0.003268","0.168301","0.431373","0.73366"
"pcb1173.tsp","1173","123874.171460972","57276.2","0.00101787707462649","0.808231461425701","57276.2","0.00101787707462649","0.808231461425701","7.99460925039872","0.141325151072437","0.80823146142556","94.5","5.00478996257628","-0.975498719490737","0.999147485080989","0","NaN","0.000852514919011083","0","NaN","0.201151866084848","3104.52362140798","3.23427232987527","1.01480382263302","0.452163315051798","0.547836684948202","0.999991","0.000102","0.003426","0.440664","0.994491"
"pcb3038.tsp","3038","295888.036895462","138919.7","0.00138827576018917","0.505973602316675","138919.7","0.00138827576018917","0.505973602316675","15.646127457488","0.0897908537371471","-0.0658093150441719","97.75","2.9101407592292","-0.971738546537798","0.999670836076366","0","NaN","0.00032916392363397","0","NaN","6.26742273427358","593.926883546791","5.09601539466309","1.01299306241988","0.452163315051798","0.547836684948202","0.999991","0.000102","0.003426","0.440664","0.994491"
"pcb442.tsp","442","221435.555467497","50933.5","8.72238621573855e-05","1.06918972435516","50933.5","8.72238621573855e-05","1.06918972435516","14.6037634408602","0.293546671704714","-1.06918972435516","77.15","26.7106844291287","-0.751847517738496","0.997737556561086","0","NaN","0.00226244343891403","0","NaN","-0.0518371675669124","-7262.67129423597","4.76238758010613","1.00777878943826","0.838912133891213","0.161087866108787","0.966667","0.033333","0.25","0.533333","0.75"
"pla33810.tsp","67223515.3","0.00228366662413451","-0.06669241877313","67223515.3","0.00228366662413451","-0.06669241877313","1112.07149257476","0.525432134829708","0.718409534733371","99.4","0.825737104293887","-1.32381265378521","0.999970422951789","0","NaN","2.95770482105886e-05","0","NaN","pla33810.tsp","67223515.3","0.00228366662413451","-0.06669241877313","67223515.3","0.00228366662413451","-0.06669241877313","1112.07149257476","0.525432134829708","0.718409534733371","99.4","0.825737104293887","-1.32381265378521"
"pla7397.tsp","23645778.35","0.00515945081276728","0.230732334505612","23645778.35","0.00515945081276728","0.230732334505612","2023.78876851927","0.175493953273613","-0.373157734356267","97.7","2.18012938550955","-0.589232869730298","0.999864810058132","0","NaN","0.000135189941868325","0","NaN","pla7397.tsp","23645778.35","0.00515945081276728","0.230732334505612","23645778.35","0.00515945081276728","0.230732334505612","2023.78876851927","0.175493953273613","-0.373157734356267","97.7","2.18012938550955","-0.589232869730298"
"pr124.tsp","124","98943.4873563069","59032.3","0.000174242113156679","3.82367624152383","59032.3","0.000174242113156679","3.82367624152383","98.0132305194805","0.21449918395402","-3.82367624152464","46.6","47.0838399092814","-0.0546669024109955","0.991935483870968","0","NaN","0.00806451612903226","0","NaN","22.0793533891799","1246.13415962232","6.64904644905985","1.04710463063974","1","0","-Inf","Inf",NA,NA,NA
"pr136.tsp","136","287026.231680981","96777.85","6.85635319646234e-05","0.186122040985165","96777.85","6.85635319646234e-05","0.186122040985165","33.7142857142857","0.913176829109865","0.186122040987665","27.8","78.17215373399","0.878765047588389","0.992647058823529","0","NaN","0.00735294117647059","0","NaN","Inf","NaN","NaN","1.03234478344357","1","0","-Inf","Inf",NA,NA,NA
"pr144.tsp","144","93523.54213608","58537","0","NaN","58537","0","NaN","110.931290322581","0.900738141683715","0.186122040987665","26.75","71.7428499178551","0.664369785108494","0.993055555555556","0","NaN","0.00694444444444444","0","NaN","-7.13846319718951","-2442.60756848261","1.29363145973354","1.18032423277009","1","0","-Inf","Inf",NA,NA,NA
"pr152.tsp","152","160979.786102807","73688.8","0.000412688556388449","3.82367624152437","73688.8","0.000412688556388449","3.82367624152437","24.8590793403703","0.649205407341685","-0.140256160261393","39.95","67.5892378420701","0.697660278814755","0.993421052631579","0","NaN","0.00657894736842105","0","NaN","-26.9585217377887","-727.101402351159","-3.74407372825528","1.4874434754522","1","0","-Inf","Inf",NA,NA,NA
"pr226.tsp","226","110416.106193086","80369","0","NaN","80369","0","NaN","16.2432432432432","0","NaN","49.75","55.7914022731932","0.0906012115964948","0.995575221238938","0","NaN","0.00442477876106195","0","NaN","-3.26793497622019","-4638.02629763157","2.22983659159513","1.17093674648329","1","0","-Inf","Inf",NA,NA,NA
"pr2392.tsp","2392","378062.826191436","382762.7","0.000730645684229805","-0.472532848504199","382762.7","0.000730645684229805","-0.472532848504199","87.5833901098901","0.429769862035069","-0.388743348722548","95.9","3.43184194147173","-1.3552435917115","0.999581939799331","0","NaN","0.000418060200668896","0","NaN","8.33561853018882","899.147350710555","4.12833617454524","1.02606129004972","1","0","-Inf","Inf",NA,NA,NA
"pr264.tsp","264","77976.1533611114","49183.6","0.00202760871149483","1.38891819413532","49183.6","0.00202760871149483","1.38891819413532","15.992380952381","0.0116699538618547","-1.38891819413528","50.7","41.7627565509013","0.30629171300221","0.996212121212121","0","NaN","0.00378787878787879","0","NaN","-53.0566862727394","-672.875139363171","-3.99765546741073","1.23031274256955","1","0","-Inf","Inf",NA,NA,NA
"pr299.tsp","299","83507.7933682138","48221.8","0.000893034326255017","0.582392752943488","48221.8","0.000893034326255017","0.582392752943488","8.78982558139535","0.687919335752087","0.58239275294368","44.8","50.2504886259115","0.256064045686347","0.996655518394649","0","NaN","0.00334448160535117","0","NaN","NaN",NA,NA,"1.04151718175924","0.736231884057971","0.263768115942029","0.978723","0.021277","0.170213","0.553191","0.829787"
"pr439.tsp","439","270651.604837501","107382.35","0.000451160623771315","-0.582392752944023","107382.35","0.000451160623771315","-0.582392752944023","52.0163157894737","0.130026068078347","0.582392752943681","78.35","20.3971367800678","-0.993239421662928","0.997722095671982","0","NaN","0.00227790432801822","0","NaN","NaN",NA,NA,"1.05862228135437","0.625228519195612","0.374771480804388","0.999188","0.000812","0.102273","0.443182","0.846591"
"pr76.tsp","76","150779.86312262","108159","0","NaN","108159","0","NaN","390.333333333333","0","NaN","2.75","118.494250250055","1.55576698439084","0.986842105263158","0","NaN","0.0131578947368421","0","NaN","NaN",NA,NA,"1.05944754628269","1","0","-Inf","Inf",NA,NA,NA
"rat195.tsp","195","4102.4816264749","2330","0","NaN","2330","0","NaN","0.105263157894737","0","NaN","54.25","50.6683078222128","-0.113430838139305","0.994871794871795","0","NaN","0.00512820512820513","0","NaN","0.368062627304808","1311.60919800444","8.55159918249662","1.01948762864025","0.429602888086643","0.570397111913357","0.970588","0.029412","0.125","0.477941","0.794118"
"rat575.tsp","575","13233.4629723622","6800.7","0.00129523265674602","-0.582392752943621","6800.7","0.00129523265674602","-0.582392752943621","1.38471428571429","0.076017442796096","-0.582392752943682","81.6","19.6376514908892","-0.864072779563783","0.998260869565217","0","NaN","0.00173913043478261","0","NaN","0.0135787245387969","5564.09841794549","5.59026519490794","1.01065494374488","0.546419098143236","0.453580901856764","0.99995","1e-04","0.076892","0.4202775","0.90625175"
"rat783.tsp","783","72533.9900615127","8832.4","9.29286130234278e-05","1.38891819413654","8832.4","9.29286130234278e-05","1.38891819413654","1.08274582560297","0.176153240025587","1.38891819413528","78.8","24.9550194709476","-0.750728672890602","0.998722860791826","0","NaN","0.00127713920817369","0","NaN","-0.0302806031893302","-1740.99763201797","2.90646043741842","1.01120763719289","0.646632124352332","0.353367875647668","0.999863","0.000137","0.002462","0.17264","0.995075"
"rat99.tsp","99","2155.2898860249","1211","0","NaN","1211","0","NaN","3","0","NaN","6.7","52.8468706408009","0.674615920368713","0.98989898989899","0","NaN","0.0101010101010101","0","NaN","-0.0444572387125223","-2186.20515784774","-0.0798877464926557","1.00720820654483","0.842592592592593","0.157407407407407","0.666667","0.333333","0.333333","0.333333","0.666667"
"rd100.tsp","100","50560.8552685086","7910","0","NaN","7910","0","NaN","7.08","0.411550638407039","-1.38891819413528","4.1","75.8598703853089","0.908745806593241","0.99","0","NaN","0.01","0","NaN","0.671938860983407","1698.61572865452","2.80797302995689","1.04332915649937","1","0","-Inf","Inf",NA,NA,NA
"rd400.tsp","400","215563.61591058","15309.8","0.00153426584779817","0.582392752943769","15309.8","0.00153426584779817","0.582392752943769","2.15140845070423","0.102975084507045","-0.582392752943681","69.75","29.1337386727647","-0.396098292514872","0.9975","0","NaN","0.0025","0","NaN","-0.136173169682123","-1307.02610174271","3.71594899112283","1.01459176228693","0.637651821862348","0.362348178137652","0.988636","0.011364","0.052083","0.447917","0.8797345"
"rl11849.tsp","11849","86621261.378228","941520.6","0.0018722484634043","0.543511538817481","941520.6","0.0018722484634043","0.543511538817481","74.9889493432759","0.182852289759132","0.303517025455842","99.05","1.65325868871465","-1.78361312827358","0.999915604692379","0","NaN","8.43953076208963e-05","0","NaN","rl11849.tsp","11849","86621261.378228","941520.6","0.0018722484634043","0.543511538817481","941520.6","0.0018722484634043","0.543511538817481","74.9889493432759","0.182852289759132"
"rl1304.tsp","1304","3231697.33911833","256127","0.0080275043926593","0","256127","0.0080275043926593","0","78.3986056585894","0.0271326953965646","0","94.4","7.68051730609969","-2.64833218977033","0.999233128834356","0","NaN","0.000766871165644172","0","NaN","6.22947744650412","1481.89945678564","2.82250896633823","1.05653307940714","1","0","-Inf","Inf",NA,NA,NA
"rl1323.tsp","1323","3088180.38850114","272351.95","0.00274230031729364","1.06488414032402","272351.95","0.00274230031729364","1.06488414032402","70.7165441176471","0.45992507492683","-0.900041313906851","88.4","12.3232411623483","-1.04281488724483","0.999244142101285","0","NaN","0.000755857898715042","0","NaN","8.39987959454382","1055.97901487821","3.29584377205624","1.04908646389774","0.577197149643705","0.422802850356295","0.999999","0.000104","0.0094955","0.471686","0.996653"
"rl1889.tsp","1889","6601297.57416534","320398.7","0.00109511855535419","-0.0384053456612829","320398.7","0.00109511855535419","-0.0384053456612829","48.1825210871603","0.110057593938621","-1.11182560295671","92.45","7.5958169775917","-0.967345159469875","0.999470619375331","0","NaN","0.000529380624669137","0","NaN","77.2892933725212","642.732741594729","5.71135646269619","1.04658114111025","0.527957860615883","0.472042139384117","0.999998","1e-04","0.003064","0.48913","0.997694"
"rl5915.tsp","5915","10145047.117318","576147.65","0.00289726470676606","-0.160695454079708","576147.65","0.00289726470676606","-0.160695454079708","97.2362831957552","0.219211489141247","-0.343924539648821","97","2.87728129865716","-1.07635042279986","0.999830938292477","0","NaN","0.000169061707523246","0","NaN","3.25615983275269","2181.59512369401","3.31223525964529","1.03973884987601","0.527957860615883","0.472042139384117","0.999998","1e-04","0.003064","0.48913","0.997694"
"rl5934.tsp","5934","9861360.32391175","564843.1","0.000126394098943956","0.183925455663683","564843.1","0.000126394098943956","0.183925455663683","54.6692706601264","0.333248290651409","1.56581458720554","98.35","2.24407334279101","-1.90237549090263","0.999831479609033","0","NaN","0.000168520390967307","0","NaN","0.00682014830588085","859420.66137602","2.99209296202039","1.03727195757305","0.527957860615883","0.472042139384117","0.999998","1e-04","0.003064","0.48913","0.997694"
"si1032.tsp","1032","336617","92901.55","0.000216312403874171","0.796487828329668","92901.55","0.000216312403874171","0.796487828329668","2.67645458949965","0.0997486951418427","-2.50043701762205","77","18.172050886898","-0.573482038384659","0.999031007751938","0","NaN","0.000968992248062015","0","NaN","0.853070616513629","1105.22044912253","3.73775220884383","1.00342983644231","1","0","-Inf","Inf",NA,NA,NA
"si175.tsp","175","46937","21414","0.000219558394499686","-0.808231461425559","21414","0.000219558394499686","-0.808231461425559","2.15345786963434","0.419389567953564","-0.80823146142556","57","37.2987572376654","0.185594653624131","0.994285714285714","0","NaN","0.00571428571428571","0","NaN","0.0209027222236838","19710.8294677005","7.88281539127956","1.00789946420126","0.589285714285714","0.410714285714286","0.916667","0.083333","0.416667","0.5","0.5520835"
"si535.tsp","535","153302","48742.85","0.000692574992128518","-0.156488483014764","48742.85","0.000692574992128518","-0.156488483014764","2.74343368950346","0.124188822144992","3.57645237331367","85.25","12.7415540564456","-0.188305582877256","0.998130841121495","0","NaN","0.00186915887850467","0","NaN","-0.20558609830959","-1753.38819457107","2.36352096550338","1.01034726848767","0.840677966101695","0.159322033898305","0.994949","0.005051","0.181818","0.4646465","0.5"
"st70.tsp","70","3410.55621522413","675","0","NaN","675","0","NaN","7","0","NaN","7.15","97.9835614594272","1.29432971743661","0.985714285714286","0","NaN","0.0142857142857143","0","NaN","-0.0293928496354932","-3904.60762812913","1.45092429800384","1.0258358662614","1","0","-Inf","Inf",NA,NA,NA
"swiss42.tsp","42","2834","1273","0","NaN","1273","0","NaN","12","0","NaN","0.7","93.8495264759695","0.33859524578909","0.976190476190476","0","NaN","0.0238095238095238","0","NaN","-0.0208333125000024","-23960.7060273128","1.51000765928953","1.0188075230092","1","0","-Inf","Inf",NA,NA,NA
"ts225.tsp","225","276532.411928402","126713","0","NaN","126713","0","NaN","37.2857142857143","0","NaN","60.75","37.5285652241321","-0.478886952888209","0.995555555555556","0","NaN","0.00444444444444444","0","NaN","0.12978085372803","69907.0314393821","5.30857107862458","1.07744444806505","0.737451737451737","0.262548262548263","0.5","0.5","0.5","0.5","0.5"
"tsp225.tsp","225","44158.5217393101","3916","0","NaN","3916","0","NaN","3.30743034055728","0.49976317857213","-0.186122040987665","47.35","61.1223998607589","0.385432323515942","0.995555555555556","0","NaN","0.00444444444444444","0","NaN","NaN",NA,NA,"1.02755182366833","0.396341463414634","0.603658536585366","0.999974","0.000142","0.00201075","0.2988355","0.996389"
"u1060.tsp","1060","260168.419964613","225388","0.00232345684406313","0.0284977610015467","225388","0.00232345684406313","0.0284977610015467","29.2959856831313","0.0797161100681639","-2.46721716216717","89.3","13.9113262334277","-1.27421126461114","0.999056603773585","0","NaN","0.000943396226415094","0","NaN","1.4985440763398","2542.30223079635","6.00389236213297","1.02550739346394","0.626615969581749","0.373384030418251","0.996716","0.003284","0.136015","0.44335","0.857143"
"u1432.tsp","1432","183241.169529313","154165.8","0.000952003683472016","0.378015652233481","154165.8","0.000952003683472016","0.378015652233481","19.2918064516129","0.0769763452184676","0.378015652233257","91.4","9.626176367045","-1.10428834259389","0.999301675977654","0","NaN","0.000698324022346369","0","NaN","0.304231099395471","1538.20754113806","3.88349069364782","1.01053267790831","0.673938679245283","0.326061320754717","0.999985","0.00019","0.100617","0.500864","0.914909"
"u159.tsp","159","43375.7068919026","42080","0","NaN","42080","0","NaN","67.8452380952381","0.00774119479551886","-3.86049672478235e-14","20.05","67.5665404294277","0.214301002947194","0.993710691823899","0","NaN","0.00628930817610063","0","NaN","-4.64427301117061","-357.86549295264","-1.00570114613908","1.00919741465111","1","0","-Inf","Inf",NA,NA,NA
"u1817.tsp","1817","71899.8241042047","58036","0.00130819487997625","1.38891819413528","58036","0.00130819487997625","1.38891819413528","11.3098330241187","0.0350071353729843","1.38891819413527","94.25","6.04990029965509","-0.884245830734208","0.999449642267474","0","NaN","0.000550357732526142","0","NaN","0.0871291864478219","9401.24962610858","3.34401644399944","1.0228234781943","0.516406890894176","0.483593109105824","0.999995","0.000102","0.102513","0.360028","0.8655825"
"u2152.tsp","2152","82205.9896637882","65303.2","0.00065655425744618","-0.186122040987472","65303.2","0.00065655425744618","-0.186122040987472","11.4015625","0.130105122802976","0.186122040987664","93.65","5.35894226417607","-0.430233851607233","0.99953531598513","0","NaN","0.000464684014869888","0","NaN","0.372395895843015","1836.65228090312","3.83069383256996","1.02057081144145","0.552801724137931","0.447198275862069","0.999928","0.000216","0.185749","0.471951","0.80697"
"u2319.tsp","2319","281906.408366835","234990.5","0.000529511961661051","0.402462898711981","234990.5","0.000529511961661051","0.402462898711981","8.16548595219934","0.446491274521239","-0.601515555091956","75.6","21.3520262725866","-0.630148882379211","0.999568779646399","0","NaN","0.00043122035360069","0","NaN","u2319.tsp","2319","281906.408366835","234990.5","0.000529511961661051","0.402462898711981","234990.5","0.000529511961661051","0.402462898711981","8.16548595219934","0.446491274521239"
"u574.tsp","574","40219.3673355032","37056.9","0.000803859823198845","-3.25384373310472","37056.9","0.000803859823198845","-3.25384373310472","6.18067973055726","0.324745379927358","0.860305193857799","88.8","13.0389240844306","-1.00883684242079","0.998257839721254","0","NaN","0.00174216027874564","0","NaN","-0.0596363684840907","-13069.8170562464","4.30212467120905","1.02520533737349","1","0","-Inf","Inf",NA,NA,NA
"u724.tsp","724","157457.689085909","42070","0.000877946771453899","1.38891819413528","42070","0.000877946771453899","1.38891819413528","6.94730994152047","0.0186715813871169","-1.38891819413528","87.6","14.0124668324023","-1.26269718909241","0.998618784530387","0","NaN","0.00138121546961326","0","NaN","0.0893479159295287","4550.94854745112","7.27928801569305","1.01190348925909","0.568500539374326","0.431499460625674","0.996584","0.003416","0.064902","0.390265","0.935098"
"ulysses16.tsp","6859","0","NaN","6859","0","NaN","5.225","0.128542999485096","-1.81521618655232","1.05","117.559622949738","1.1871282702039","0.9375","0","NaN","0.0625","0","NaN","-90.6666666666667","-336.574707994256","-0.426326470133306","1.10131663455363","1","0","-Inf","Inf",NA,NA,NA,"ulysses16.tsp","6859"
"ulysses22.tsp","7013","0","NaN","7013","0","NaN","73.05","0.334380942603508","0.205881669125497","0.85","128.167391912542","1.43912530519933","0.954545454545455","0","NaN","0.0454545454545455","0","NaN","-10.7","-428.33673163091","-0.178931326505969","1.02163303955131","1","0","-Inf","Inf",NA,NA,NA,"ulysses22.tsp","7013"
"usa13509.tsp","13509","1590833038.09209","20321656.6","0.00356396865746098","1.2115029269776","20321656.6","0.00356396865746098","1.2115029269776","1837.77271418052","0.293158961710939","-0.692850543770571","98.65","1.32678821829755","-1.11414010658883","0.999925975275742","0","NaN","7.40247242579021e-05","0","NaN","usa13509.tsp","13509","1590833038.09209","20321656.6","0.00356396865746098","1.2115029269776","20321656.6","0.00356396865746098","1.2115029269776","1837.77271418052","0.293158961710939"
"vm1084.tsp","1084","5350742.14312119","240374.3","0.00174769204192482","0.790230873985185","240374.3","0.00174769204192482","0.790230873985185","51.2128602150538","0.365341446609931","0.802048331288291","87","12.7722658839345","-0.626446909130268","0.999077490774908","0","NaN","0.000922509225092251","0","NaN","22.5998245542429","889.095949724702","7.03038782371459","1.02379684557071","0.624631268436578","0.375368731563422","0.997807","0.002193","0.080365","0.46765","0.771643"
"vm1748.tsp","1748","10005377.6614994","338283","0.00072465865084134","-1.16317226294681","338283","0.00072465865084134","-1.16317226294681","33.2231913847434","0.247361687728509","2.35749441482517","97","3.91495474933206","-1.97209718277411","0.999427917620137","0","NaN","0.0005720823798627","0","NaN","-0.264352440005226","-10624.193452064","2.95576851769814","1.02261454162852","0.504173622704507","0.495826377295493","0.999993","0.000104","0.0063995","0.303299","0.9837055"
"pr1002.tsp","1002","349438.236824131","260636.25","0.00128733361131911","-1.5820798350117","260636.25","0.00128733361131911","-1.5820798350117","46.6013863636364","0.00863680870776816","1.31917222931271","95.65","5.75912776542332","-2.57205955990953","0.999001996007984","0","NaN","0.000998003992015968","0","NaN","4.48486251983418","1305.01395336804","7.08005443063798","1.01995899065681","1","0","-Inf","Inf",NA,NA,NA
"pr107.tsp","107","62756.9570884766","44303","0","NaN","44303","0","NaN","58.7625","1.03848321002012","1.10811457594809","19.35","92.0705402422913","0.666019952411096","0.990654205607477","0","NaN","0.00934579439252336","0","NaN","-267.672005287877","-382.92801718037","-3.16110928263479","1.4566031178069","1","0","-Inf","Inf",NA,NA,NA
"pr124.tsp","124","98943.4873563069","59036.9","0.000285448376057958","1.81521618655208","59036.9","0.000285448376057958","1.81521618655208","142.603529411765","0.400702548278171","-1.81521618655233","46.6","47.0838399092814","-0.0546669024109955","0.991935483870968","0","NaN","0.00806451612903226","0","NaN","-13.1903136617291","-2334.91091909392","1.41447409638824","1.09526769396332","1","0","-Inf","Inf",NA,NA,NA
